spanish,english,notes
ser,to be,"Permanent traits, identity, origin, time"
estar,to be,"States, location, conditions"
tener,to have,"Irregular: tengo, tienes, tiene"
hacer,to do / to make,Irregular yo form: hago
ir,to go,"Irregular: voy, vas, va"
poder,to be able to / can,o→ue stem change
decir,to say / to tell,"Irregular: digo, dices"
querer,to want / to love,e→ie stem change
saber,to know (facts),"Irregular yo form: sé"
conocer,to know (people/places),Irregular yo form: conozco
venir,to come,"Irregular: vengo, vienes"
dar,to give,Irregular yo form: doy
ver,to see,Irregular yo form: veo
poner,to put / to place,Irregular yo form: pongo
salir,to leave / to go out,Irregular yo form: salgo
hablar,to speak,Regular -ar
comer,to eat,Regular -er
vivir,to live,Regular -ir
pensar,to think,e→ie stem change
dormir,to sleep,o→ue stem change
